,Day,Return
2,14,1.00189548
3,13,0.99959399
4,10,1.00115168
5,9,0.99440852
